Order_ID,Order_Date,Customer_Name,Email,Phone,City,State,Product,Category,Qty,Unit_Price,Discount,Payment_Mode,Order_Status,Delivery_Date,Sales,Net_Amount,Profit,Month,Year,Weekday
ORD1002,30-06-2025,Neha,neha82@gmail.com,9829008196.0,Delhi,Delhi,Chair,Furniture,4.0,1999.0,,UPI,Pending,03-07-2025,7996.0,7996.0,1599.2,June,2025,Monday
ORD1003,03-02-2025,Rohit,rohit45@gmail.com,9280491167.0,Pune,Maharashtra,Watch,Fashion,5.0,4999.0,20.0,Card,Pending,09-02-2025,24995.0,19996.0,3999.2000000000003,February,2025,Monday
ORD1004,06-05-2025,Amit,amit6@gmail.com,9943310925.0,Jaipur,Rajasthan,Mouse,Electronics,3.0,1999.0,5.0,COD,Returned,08-05-2025,5997.0,5697.15,1139.43,May,2025,Tuesday
ORD1007,10-02-2025,Rahul,rahul82@gmail.com,9517780193.0,Mumbai,Maharashtra,Mouse,Electronics,3.0,499.0,20.0,Wallet,Cancelled,18-02-2025,1497.0,1197.6000000000001,239.52000000000004,February,2025,Monday
ORD1008,17-02-2025,Rahul,rahul71@gmail.com,9789375429.0,Lucknow,UP,Mouse,Electronics,4.0,9999.0,,Card,Returned,27-02-2025,39996.0,39996.0,7999.200000000001,February,2025,Monday
ORD1011,11-01-2025,Neha,neha22@gmail.com,9580304152.0,Jaipur,Rajasthan,Chair,Furniture,3.0,999.0,,COD,Pending,16-01-2025,2997.0,2997.0,599.4,January,2025,Saturday
ORD1012,03-03-2025,Vikas,vikas46@gmail.com,9551158398.0,Jaipur,Rajasthan,Shoes,Fashion,3.0,999.0,5.0,COD,Cancelled,09-03-2025,2997.0,2847.15,569.4300000000001,March,2025,Monday
ORD1013,30-04-2025,Rohit,rohit96@gmail.com,9899011969.0,Mumbai,Maharashtra,Shoes,Fashion,-1.0,4999.0,10.0,COD,Cancelled,04-05-2025,-4999.0,-4499.1,-899.8200000000002,April,2025,Wednesday
ORD1016,31-03-2025,Sneha,sneha86@gmail.com,9125254427.0,Pune,Maharashtra,Laptop,Electronics,3.0,4999.0,20.0,NetBanking,Pending,09-04-2025,14997.0,11997.6,2399.52,March,2025,Monday
ORD1017,12-01-2025,Vikas,vikas12@gmail.com,9498228945.0,Jaipur,Rajasthan,Watch,Fashion,1.0,4999.0,10.0,NetBanking,Pending,22-01-2025,4999.0,4499.1,899.8200000000002,January,2025,Sunday
ORD1019,06-03-2025,Vikas,vikas20@gmail.com,9524467082.0,Bengaluru,Karnataka,Chair,Furniture,3.0,1499.0,0.0,COD,Returned,16-03-2025,4497.0,4497.0,899.4000000000001,March,2025,Thursday
ORD1020,15-03-2025,Rahul,rahul90@gmail.com,9106119129.0,Pune,Maharashtra,Watch,Fashion,3.0,999.0,,UPI,Returned,17-03-2025,2997.0,2997.0,599.4,March,2025,Saturday
ORD1022,13-06-2025,Vikas,vikas18@gmail.com,,Pune,Maharashtra,Shoes,Fashion,-1.0,1499.0,,NetBanking,Cancelled,22-06-2025,-1499.0,-1499.0,-299.8,June,2025,Friday
ORD1023,27-04-2025,Neha,neha70@gmail.com,9133995118.0,Mumbai,Maharashtra,Shoes,Fashion,1.0,499.0,5.0,COD,Pending,01-05-2025,499.0,474.04999999999995,94.81,April,2025,Sunday
ORD1026,05-04-2025,Sneha,sneha71@gmail.com,9967773139.0,Bengaluru,Karnataka,Bottle,Home,4.0,9999.0,10.0,Wallet,Returned,08-04-2025,39996.0,35996.4,7199.280000000001,April,2025,Saturday
ORD1028,05-06-2025,Amit,amit15@gmail.com,9853264878.0,Lucknow,UP,Watch,Fashion,3.0,4999.0,,NetBanking,Cancelled,09-06-2025,14997.0,14997.0,2999.4,June,2025,Thursday
ORD1029,06-02-2025,Rahul,rahul82@gmail.com,9689560222.0,Pune,Maharashtra,Bottle,Home,5.0,1499.0,,COD,Delivered,13-02-2025,7495.0,7495.0,1499.0,February,2025,Thursday
ORD1030,25-04-2025,Rahul,rahul52@gmail.com,9882683944.0,Mumbai,Maharashtra,Shoes,Fashion,1.0,9999.0,20.0,UPI,Delivered,01-05-2025,9999.0,7999.200000000001,1599.8400000000001,April,2025,Friday
ORD1031,20-03-2025,Sneha,sneha76gmail.com,9946815525.0,Mumbai,Maharashtra,Shoes,Fashion,5.0,499.0,20.0,Card,Delivered,27-03-2025,2495.0,1996.0,399.20000000000005,March,2025,Thursday
ORD1032,12-04-2025,Neha,neha79@gmail.com,9312273373.0,Pune,Maharashtra,Bottle,Home,1.0,499.0,20.0,UPI,Delivered,21-04-2025,499.0,399.20000000000005,79.84000000000002,April,2025,Saturday
ORD1033,18-02-2025,Amit,amit13@gmail.com,9183234274.0,Bengaluru,Karnataka,Shoes,Fashion,-1.0,499.0,10.0,Card,Pending,28-02-2025,-499.0,-449.1,-89.82000000000001,February,2025,Tuesday
ORD1034,13-05-2025,Amit,amit55@gmail.com,9798448836.0,Pune,Maharashtra,Bottle,Home,4.0,4999.0,,NetBanking,Pending,21-05-2025,19996.0,19996.0,3999.2000000000003,May,2025,Tuesday
ORD1038,15-01-2025,Neha,neha50@gmail.com,9764950042.0,Mumbai,Maharashtra,Laptop,Electronics,-1.0,2599.0,5.0,Wallet,Delivered,22-01-2025,-2599.0,-2469.0499999999997,-493.80999999999995,January,2025,Wednesday
ORD1039,20-03-2025,Rahul,rahul33@gmail.com,9193291098.0,Jaipur,Rajasthan,Laptop,Electronics,1.0,2599.0,15.0,Wallet,Returned,25-03-2025,2599.0,2209.15,441.83000000000004,March,2025,Thursday
ORD1041,25-06-2025,Rahul,rahul11@gmail.com,9940596133.0,Bengaluru,Karnataka,Bottle,Home,5.0,9999.0,,UPI,Returned,29-06-2025,49995.0,49995.0,9999.0,June,2025,Wednesday
ORD1043,16-04-2025,Rahul,rahul61@gmail.com,9157741059.0,Delhi,Delhi,Laptop,Electronics,2.0,2599.0,5.0,COD,Pending,26-04-2025,5198.0,4938.099999999999,987.6199999999999,April,2025,Wednesday
ORD1044,09-06-2025,Rahul,rahul93@gmail.com,,Lucknow,UP,Bottle,Home,-1.0,4999.0,,NetBanking,Delivered,13-06-2025,-4999.0,-4999.0,-999.8000000000001,June,2025,Monday
ORD1047,17-03-2025,Rohit,rohit24@gmail.com,9603990367.0,Jaipur,Rajasthan,Shoes,Fashion,1.0,999.0,20.0,NetBanking,Cancelled,24-03-2025,999.0,799.2,159.84000000000003,March,2025,Monday
ORD1049,15-04-2025,Amit,amit42@gmail.com,9533399379.0,Lucknow,UP,Watch,Fashion,5.0,2599.0,,COD,Returned,23-04-2025,12995.0,12995.0,2599.0,April,2025,Tuesday
ORD1050,15-02-2025,Priya,priya65@gmail.com,9841250922.0,Mumbai,Maharashtra,Chair,Furniture,-1.0,1999.0,15.0,Card,Returned,,-1999.0,-1699.1499999999999,-339.83,February,2025,Saturday
ORD1052,25-02-2025,Sneha,sneha63@gmail.com,9276376917.0,Pune,Maharashtra,Mouse,Electronics,5.0,9999.0,0.0,UPI,Returned,02-03-2025,49995.0,49995.0,9999.0,February,2025,Tuesday
ORD1053,23-05-2025,Sneha,sneha39@gmail.com,9432994066.0,Mumbai,Maharashtra,Laptop,Electronics,1.0,1999.0,,COD,Delivered,29-05-2025,1999.0,1999.0,399.8,May,2025,Friday
ORD1055,19-03-2025,Priya,priya20@gmail.com,9224364160.0,Pune,Maharashtra,Mouse,Electronics,-1.0,999.0,0.0,UPI,Cancelled,21-03-2025,-999.0,-999.0,-199.8,March,2025,Wednesday
ORD1056,29-05-2025,Neha,neha98@gmail.com,9481676392.0,Pune,Maharashtra,Chair,Furniture,2.0,9999.0,15.0,COD,Cancelled,31-05-2025,19998.0,16998.3,3399.66,May,2025,Thursday
ORD1057,03-02-2025,Rohit,rohit66@gmail.com,9358211659.0,Bengaluru,Karnataka,Chair,Furniture,5.0,1499.0,,Wallet,Pending,06-02-2025,7495.0,7495.0,1499.0,February,2025,Monday
ORD1058,12-02-2025,Sneha,sneha17@gmail.com,9581041302.0,Jaipur,Rajasthan,Chair,Furniture,2.0,2599.0,15.0,Card,Cancelled,17-02-2025,5198.0,4418.3,883.6600000000001,February,2025,Wednesday
ORD1059,07-05-2025,Vikas,vikas8@gmail.com,9966346542.0,Pune,Maharashtra,Mouse,Electronics,5.0,999.0,,NetBanking,Delivered,17-05-2025,4995.0,4995.0,999.0,May,2025,Wednesday
ORD1060,09-04-2025,Rohit,rohit64@gmail.com,9848493769.0,Delhi,Delhi,Laptop,Electronics,5.0,999.0,0.0,COD,Returned,15-04-2025,4995.0,4995.0,999.0,April,2025,Wednesday
ORD1061,01-06-2025,Vikas,vikas12@gmail.com,9714988193.0,Jaipur,Rajasthan,Shoes,Fashion,5.0,499.0,10.0,UPI,Cancelled,05-06-2025,2495.0,2245.5,449.1,June,2025,Sunday
ORD1062,29-06-2025,Amit,amit18gmail.com,9177835684.0,Pune,Maharashtra,Watch,Fashion,1.0,499.0,20.0,UPI,Delivered,07-07-2025,499.0,399.20000000000005,79.84000000000002,June,2025,Sunday
ORD1064,28-06-2025,Rohit,rohit44@gmail.com,9745435168.0,Lucknow,UP,Bottle,Home,1.0,1999.0,5.0,NetBanking,Cancelled,04-07-2025,1999.0,1899.05,379.81,June,2025,Saturday
ORD1065,27-04-2025,Sneha,sneha92@gmail.com,9231780669.0,Mumbai,Maharashtra,Shoes,Fashion,3.0,1499.0,10.0,NetBanking,Pending,01-05-2025,4497.0,4047.3,809.46,April,2025,Sunday
ORD1066,05-05-2025,Neha,neha26@gmail.com,,Mumbai,Maharashtra,Watch,Fashion,5.0,2599.0,20.0,Card,Returned,14-05-2025,12995.0,10396.0,2079.2000000000003,May,2025,Monday
ORD1069,20-01-2025,Vikas,vikas55@gmail.com,9385463872.0,Lucknow,UP,Shoes,Fashion,1.0,4999.0,,Card,Cancelled,28-01-2025,4999.0,4999.0,999.8000000000001,January,2025,Monday
ORD1070,28-02-2025,Sneha,sneha18@gmail.com,9191665927.0,Delhi,Delhi,Chair,Furniture,1.0,499.0,,Wallet,Cancelled,04-03-2025,499.0,499.0,99.80000000000001,February,2025,Friday
ORD1071,13-01-2025,Priya,priya8@gmail.com,9398321309.0,Delhi,Delhi,Laptop,Electronics,4.0,999.0,15.0,Card,Returned,21-01-2025,3996.0,3396.6,679.32,January,2025,Monday
ORD1074,15-06-2025,Neha,neha79@gmail.com,9851707847.0,Pune,Maharashtra,Chair,Furniture,5.0,4999.0,20.0,Card,Delivered,19-06-2025,24995.0,19996.0,3999.2000000000003,June,2025,Sunday
ORD1075,20-05-2025,Vikas,vikas2@gmail.com,9934129735.0,Pune,Maharashtra,Mouse,Electronics,4.0,4999.0,5.0,NetBanking,Pending,,19996.0,18996.2,3799.2400000000002,May,2025,Tuesday
ORD1077,24-01-2025,Neha,neha85@gmail.com,9919894416.0,Mumbai,Maharashtra,Bottle,Home,2.0,499.0,,Wallet,Cancelled,30-01-2025,998.0,998.0,199.60000000000002,January,2025,Friday
ORD1078,01-02-2025,Neha,neha42@gmail.com,9561350940.0,Lucknow,UP,Chair,Furniture,5.0,1499.0,20.0,Card,Pending,06-02-2025,7495.0,5996.0,1199.2,February,2025,Saturday
ORD1079,27-01-2025,Priya,priya59@gmail.com,9961124731.0,Lucknow,UP,Mouse,Electronics,1.0,1999.0,15.0,Card,Returned,04-02-2025,1999.0,1699.1499999999999,339.83,January,2025,Monday
ORD1082,01-06-2025,Vikas,vikas84@gmail.com,9289950400.0,Pune,Maharashtra,Watch,Fashion,3.0,1999.0,5.0,COD,Pending,08-06-2025,5997.0,5697.15,1139.43,June,2025,Sunday
ORD1083,14-05-2025,Priya,priya17@gmail.com,9678334449.0,Bengaluru,Karnataka,Shoes,Fashion,5.0,2599.0,15.0,Wallet,Cancelled,20-05-2025,12995.0,11045.75,2209.15,May,2025,Wednesday
ORD1085,02-01-2025,Vikas,vikas8@gmail.com,9811000878.0,Mumbai,Maharashtra,Chair,Furniture,1.0,1999.0,15.0,Card,Returned,07-01-2025,1999.0,1699.1499999999999,339.83,January,2025,Thursday
ORD1086,24-03-2025,Rahul,rahul51@gmail.com,9334759931.0,Lucknow,UP,Mouse,Electronics,5.0,2599.0,5.0,Card,Delivered,02-04-2025,12995.0,12345.25,2469.05,March,2025,Monday
ORD1087,22-04-2025,Vikas,vikas58@gmail.com,9709409870.0,Bengaluru,Karnataka,Bottle,Home,5.0,2599.0,10.0,Card,Delivered,30-04-2025,12995.0,11695.5,2339.1,April,2025,Tuesday
ORD1088,04-05-2025,Rahul,rahul31@gmail.com,,Bengaluru,Karnataka,Bottle,Home,5.0,9999.0,10.0,Card,Cancelled,09-05-2025,49995.0,44995.5,8999.1,May,2025,Sunday
ORD1089,16-06-2025,Vikas,vikas11@gmail.com,9565018695.0,Jaipur,Rajasthan,Shoes,Fashion,-1.0,4999.0,,COD,Delivered,18-06-2025,-4999.0,-4999.0,-999.8000000000001,June,2025,Monday
ORD1091,10-03-2025,Sneha,sneha83@gmail.com,9351580623.0,Bengaluru,Karnataka,Bottle,Home,-1.0,4999.0,,COD,Cancelled,16-03-2025,-4999.0,-4999.0,-999.8000000000001,March,2025,Monday
ORD1092,29-04-2025,Sneha,sneha41@gmail.com,9363257894.0,Lucknow,UP,Shoes,Fashion,-1.0,4999.0,,Card,Returned,09-05-2025,-4999.0,-4999.0,-999.8000000000001,April,2025,Tuesday
ORD1093,21-06-2025,Priya,priya20gmail.com,9980807282.0,Mumbai,Maharashtra,Laptop,Electronics,2.0,9999.0,,NetBanking,Returned,26-06-2025,19998.0,19998.0,3999.6000000000004,June,2025,Saturday
ORD1094,17-05-2025,Rohit,rohit4@gmail.com,9462327553.0,Delhi,Delhi,Mouse,Electronics,3.0,9999.0,,UPI,Pending,26-05-2025,29997.0,29997.0,5999.400000000001,May,2025,Saturday
ORD1095,05-04-2025,Rahul,rahul23@gmail.com,9141462098.0,Delhi,Delhi,Chair,Furniture,2.0,999.0,15.0,UPI,Cancelled,15-04-2025,1998.0,1698.3,339.66,April,2025,Saturday
ORD1098,01-06-2025,Neha,neha42@gmail.com,9795658556.0,Mumbai,Maharashtra,Chair,Furniture,5.0,9999.0,15.0,COD,Returned,04-06-2025,49995.0,42495.75,8499.15,June,2025,Sunday
ORD1100,18-03-2025,Priya,priya72@gmail.com,9126426468.0,Pune,Maharashtra,Mouse,Electronics,5.0,499.0,15.0,COD,Pending,,2495.0,2120.75,424.15000000000003,March,2025,Tuesday
ORD1101,11-01-2025,Neha,neha11@gmail.com,9496797675.0,Mumbai,Maharashtra,Chair,Furniture,-1.0,499.0,20.0,UPI,Pending,14-01-2025,-499.0,-399.20000000000005,-79.84000000000002,January,2025,Saturday
ORD1102,07-01-2025,Sneha,sneha37@gmail.com,9507523995.0,Mumbai,Maharashtra,Chair,Furniture,5.0,2599.0,5.0,COD,Pending,11-01-2025,12995.0,12345.25,2469.05,January,2025,Tuesday
ORD1103,26-01-2025,Rohit,rohit37@gmail.com,9792751135.0,Pune,Maharashtra,Mouse,Electronics,2.0,999.0,20.0,Wallet,Cancelled,03-02-2025,1998.0,1598.4,319.68000000000006,January,2025,Sunday
ORD1105,16-04-2025,Sneha,sneha29@gmail.com,9130855060.0,Lucknow,UP,Laptop,Electronics,4.0,9999.0,,COD,Cancelled,21-04-2025,39996.0,39996.0,7999.200000000001,April,2025,Wednesday
ORD1107,25-01-2025,Priya,priya18@gmail.com,9857341843.0,Bengaluru,Karnataka,Laptop,Electronics,3.0,1999.0,,Wallet,Returned,27-01-2025,5997.0,5997.0,1199.4,January,2025,Saturday
ORD1109,09-05-2025,Priya,priya47@gmail.com,9771632294.0,Jaipur,Rajasthan,Chair,Furniture,2.0,9999.0,,Wallet,Returned,16-05-2025,19998.0,19998.0,3999.6000000000004,May,2025,Friday
ORD1110,16-05-2025,Sneha,sneha32@gmail.com,,Lucknow,UP,Bottle,Home,2.0,999.0,,NetBanking,Returned,25-05-2025,1998.0,1998.0,399.6,May,2025,Friday
ORD1111,09-04-2025,Rohit,rohit76@gmail.com,9978213662.0,Pune,Maharashtra,Shoes,Fashion,1.0,2599.0,15.0,NetBanking,Returned,11-04-2025,2599.0,2209.15,441.83000000000004,April,2025,Wednesday
ORD1112,31-05-2025,Rohit,rohit23@gmail.com,9476674723.0,Bengaluru,Karnataka,Bottle,Home,4.0,2599.0,15.0,UPI,Delivered,02-06-2025,10396.0,8836.6,1767.3200000000002,May,2025,Saturday
ORD1113,10-02-2025,Amit,amit39@gmail.com,9125790157.0,Lucknow,UP,Laptop,Electronics,4.0,499.0,0.0,NetBanking,Cancelled,19-02-2025,1996.0,1996.0,399.20000000000005,February,2025,Monday
ORD1114,23-06-2025,Rahul,rahul27@gmail.com,9963695338.0,Jaipur,Rajasthan,Chair,Furniture,5.0,999.0,10.0,Wallet,Returned,01-07-2025,4995.0,4495.5,899.1,June,2025,Monday
ORD1115,25-05-2025,Rahul,rahul17@gmail.com,9306692646.0,Delhi,Delhi,Shoes,Fashion,2.0,2599.0,10.0,COD,Cancelled,30-05-2025,5198.0,4678.2,935.64,May,2025,Sunday
ORD1116,16-01-2025,Neha,neha74@gmail.com,9328163443.0,Mumbai,Maharashtra,Watch,Fashion,4.0,1499.0,0.0,NetBanking,Pending,23-01-2025,5996.0,5996.0,1199.2,January,2025,Thursday
ORD1119,12-02-2025,Rohit,rohit97@gmail.com,9739414080.0,Bengaluru,Karnataka,Laptop,Electronics,5.0,1999.0,,UPI,Cancelled,20-02-2025,9995.0,9995.0,1999.0,February,2025,Wednesday
ORD1121,20-05-2025,Vikas,vikas22@gmail.com,9870762927.0,Pune,Maharashtra,Mouse,Electronics,1.0,4999.0,10.0,NetBanking,Cancelled,30-05-2025,4999.0,4499.1,899.8200000000002,May,2025,Tuesday
ORD1122,22-01-2025,Neha,neha63@gmail.com,9156805257.0,Delhi,Delhi,Shoes,Fashion,3.0,1999.0,15.0,Wallet,Pending,01-02-2025,5997.0,5097.45,1019.49,January,2025,Wednesday
ORD1123,30-04-2025,Rohit,rohit35@gmail.com,9130062131.0,Mumbai,Maharashtra,Watch,Fashion,1.0,2599.0,10.0,NetBanking,Cancelled,05-05-2025,2599.0,2339.1,467.82,April,2025,Wednesday
ORD1124,20-03-2025,Rahul,rahul45gmail.com,9927031899.0,Jaipur,Rajasthan,Shoes,Fashion,-1.0,999.0,20.0,Card,Pending,26-03-2025,-999.0,-799.2,-159.84000000000003,March,2025,Thursday
ORD1127,01-01-2025,Rahul,rahul90@gmail.com,9327541358.0,Delhi,Delhi,Watch,Fashion,4.0,999.0,,COD,Returned,06-01-2025,3996.0,3996.0,799.2,January,2025,Wednesday
ORD1128,21-02-2025,Vikas,vikas76@gmail.com,9363445434.0,Mumbai,Maharashtra,Watch,Fashion,4.0,1499.0,15.0,Wallet,Returned,24-02-2025,5996.0,5096.599999999999,1019.3199999999999,February,2025,Friday
ORD1129,27-01-2025,Amit,amit9@gmail.com,9325119847.0,Lucknow,UP,Shoes,Fashion,-1.0,1999.0,,UPI,Delivered,29-01-2025,-1999.0,-1999.0,-399.8,January,2025,Monday
ORD1134,02-03-2025,Vikas,vikas63@gmail.com,9988475551.0,Pune,Maharashtra,Laptop,Electronics,3.0,499.0,0.0,Wallet,Cancelled,10-03-2025,1497.0,1497.0,299.40000000000003,March,2025,Sunday
ORD1136,21-06-2025,Rahul,rahul44@gmail.com,9843123958.0,Pune,Maharashtra,Mouse,Electronics,3.0,9999.0,10.0,Card,Delivered,25-06-2025,29997.0,26997.3,5399.46,June,2025,Saturday
ORD1137,08-05-2025,Priya,priya19@gmail.com,9332427755.0,Delhi,Delhi,Mouse,Electronics,5.0,4999.0,10.0,Card,Pending,12-05-2025,24995.0,22495.5,4499.1,May,2025,Thursday
ORD1138,09-05-2025,Rahul,rahul11@gmail.com,9944201387.0,Lucknow,UP,Shoes,Fashion,5.0,4999.0,5.0,UPI,Delivered,18-05-2025,24995.0,23745.25,4749.05,May,2025,Friday
ORD1139,23-04-2025,Amit,amit5@gmail.com,9371222104.0,Bengaluru,Karnataka,Bottle,Home,3.0,2599.0,,UPI,Cancelled,25-04-2025,7797.0,7797.0,1559.4,April,2025,Wednesday
ORD1140,05-05-2025,Neha,neha87@gmail.com,9450353595.0,Lucknow,UP,Laptop,Electronics,1.0,4999.0,10.0,NetBanking,Cancelled,12-05-2025,4999.0,4499.1,899.8200000000002,May,2025,Monday
ORD1141,12-05-2025,Amit,amit95@gmail.com,9184871973.0,Pune,Maharashtra,Chair,Furniture,5.0,9999.0,0.0,Wallet,Cancelled,21-05-2025,49995.0,49995.0,9999.0,May,2025,Monday
ORD1142,18-06-2025,Vikas,vikas38@gmail.com,9879878656.0,Mumbai,Maharashtra,Shoes,Fashion,5.0,1999.0,0.0,Card,Cancelled,21-06-2025,9995.0,9995.0,1999.0,June,2025,Wednesday
ORD1143,16-04-2025,Neha,neha16@gmail.com,9599207109.0,Bengaluru,Karnataka,Chair,Furniture,5.0,4999.0,,COD,Returned,18-04-2025,24995.0,24995.0,4999.0,April,2025,Wednesday
ORD1145,27-04-2025,Rahul,rahul70@gmail.com,9503257666.0,Mumbai,Maharashtra,Bottle,Home,1.0,1499.0,0.0,COD,Pending,02-05-2025,1499.0,1499.0,299.8,April,2025,Sunday
ORD1147,27-05-2025,Priya,priya22@gmail.com,9477542989.0,Pune,Maharashtra,Bottle,Home,-1.0,499.0,15.0,NetBanking,Returned,02-06-2025,-499.0,-424.15,-84.83,May,2025,Tuesday
ORD1148,28-03-2025,Rahul,rahul11@gmail.com,9859241823.0,Mumbai,Maharashtra,Watch,Fashion,1.0,999.0,20.0,COD,Cancelled,05-04-2025,999.0,799.2,159.84000000000003,March,2025,Friday
ORD1149,01-04-2025,Priya,priya44@gmail.com,9690060173.0,Pune,Maharashtra,Shoes,Fashion,2.0,1999.0,,NetBanking,Returned,10-04-2025,3998.0,3998.0,799.6,April,2025,Tuesday
ORD1150,15-05-2025,Rohit,rohit3@gmail.com,9783266736.0,Mumbai,Maharashtra,Shoes,Fashion,5.0,2599.0,10.0,UPI,Cancelled,,12995.0,11695.5,2339.1,May,2025,Thursday
ORD1151,14-02-2025,Amit,amit62@gmail.com,9779578645.0,Delhi,Delhi,Mouse,Electronics,1.0,2599.0,10.0,Wallet,Delivered,23-02-2025,2599.0,2339.1,467.82,February,2025,Friday
ORD1152,18-06-2025,Sneha,sneha20@gmail.com,9205144628.0,Jaipur,Rajasthan,Shoes,Fashion,2.0,4999.0,,Wallet,Pending,20-06-2025,9998.0,9998.0,1999.6000000000001,June,2025,Wednesday
ORD1154,24-04-2025,Priya,priya58@gmail.com,,Pune,Maharashtra,Shoes,Fashion,5.0,2599.0,,NetBanking,Delivered,28-04-2025,12995.0,12995.0,2599.0,April,2025,Thursday
ORD1155,07-04-2025,Amit,amit98gmail.com,9597661845.0,Mumbai,Maharashtra,Watch,Fashion,1.0,1499.0,0.0,COD,Delivered,17-04-2025,1499.0,1499.0,299.8,April,2025,Monday
ORD1158,09-06-2025,Rohit,rohit77@gmail.com,9893447040.0,Lucknow,UP,Chair,Furniture,2.0,9999.0,20.0,Wallet,Delivered,13-06-2025,19998.0,15998.400000000001,3199.6800000000003,June,2025,Monday
ORD1159,11-03-2025,Neha,neha72@gmail.com,9719104422.0,Bengaluru,Karnataka,Laptop,Electronics,3.0,2599.0,,Wallet,Cancelled,14-03-2025,7797.0,7797.0,1559.4,March,2025,Tuesday
ORD1161,30-06-2025,Priya,priya55@gmail.com,9835595944.0,Mumbai,Maharashtra,Chair,Furniture,4.0,1499.0,20.0,Wallet,Delivered,08-07-2025,5996.0,4796.8,959.3600000000001,June,2025,Monday
ORD1163,12-02-2025,Rahul,rahul56@gmail.com,9611164415.0,Delhi,Delhi,Shoes,Fashion,-1.0,2599.0,,Wallet,Delivered,14-02-2025,-2599.0,-2599.0,-519.8000000000001,February,2025,Wednesday
ORD1164,03-04-2025,Vikas,vikas56@gmail.com,9849315681.0,Lucknow,UP,Bottle,Home,5.0,2599.0,15.0,COD,Delivered,10-04-2025,12995.0,11045.75,2209.15,April,2025,Thursday
ORD1165,19-04-2025,Neha,neha28@gmail.com,9235161022.0,Mumbai,Maharashtra,Laptop,Electronics,2.0,499.0,,UPI,Pending,29-04-2025,998.0,998.0,199.60000000000002,April,2025,Saturday
ORD1166,02-04-2025,Neha,neha3@gmail.com,9921574268.0,Delhi,Delhi,Chair,Furniture,5.0,1499.0,20.0,COD,Delivered,04-04-2025,7495.0,5996.0,1199.2,April,2025,Wednesday
ORD1167,25-05-2025,Sneha,sneha62@gmail.com,9501654641.0,Mumbai,Maharashtra,Mouse,Electronics,3.0,499.0,0.0,NetBanking,Delivered,27-05-2025,1497.0,1497.0,299.40000000000003,May,2025,Sunday
ORD1168,27-02-2025,Vikas,vikas27@gmail.com,9983080625.0,Lucknow,UP,Watch,Fashion,1.0,2599.0,15.0,NetBanking,Returned,05-03-2025,2599.0,2209.15,441.83000000000004,February,2025,Thursday
ORD1169,28-02-2025,Rahul,rahul11@gmail.com,9846751763.0,Delhi,Delhi,Watch,Fashion,3.0,999.0,15.0,COD,Cancelled,07-03-2025,2997.0,2547.45,509.49,February,2025,Friday
ORD1170,21-01-2025,Neha,neha82@gmail.com,9558798402.0,Jaipur,Rajasthan,Shoes,Fashion,5.0,1499.0,,COD,Delivered,23-01-2025,7495.0,7495.0,1499.0,January,2025,Tuesday
ORD1172,26-02-2025,Neha,neha16@gmail.com,9521714786.0,Pune,Maharashtra,Mouse,Electronics,3.0,499.0,,Wallet,Pending,04-03-2025,1497.0,1497.0,299.40000000000003,February,2025,Wednesday
ORD1173,26-04-2025,Rahul,rahul89@gmail.com,9999073839.0,Bengaluru,Karnataka,Watch,Fashion,1.0,4999.0,15.0,COD,Cancelled,30-04-2025,4999.0,4249.15,849.8299999999999,April,2025,Saturday
ORD1175,26-02-2025,Rahul,rahul22@gmail.com,9423004673.0,Delhi,Delhi,Watch,Fashion,1.0,1499.0,5.0,Wallet,Returned,,1499.0,1424.05,284.81,February,2025,Wednesday
ORD1176,03-06-2025,Neha,neha19@gmail.com,,Mumbai,Maharashtra,Mouse,Electronics,3.0,4999.0,10.0,Wallet,Pending,08-06-2025,14997.0,13497.300000000001,2699.4600000000005,June,2025,Tuesday
ORD1178,26-04-2025,Rohit,rohit52@gmail.com,9667967484.0,Lucknow,UP,Watch,Fashion,3.0,999.0,10.0,UPI,Cancelled,06-05-2025,2997.0,2697.3,539.46,April,2025,Saturday
ORD1179,19-05-2025,Amit,amit49@gmail.com,9617911882.0,Mumbai,Maharashtra,Watch,Fashion,4.0,4999.0,,Card,Cancelled,25-05-2025,19996.0,19996.0,3999.2000000000003,May,2025,Monday
ORD1181,19-03-2025,Amit,amit5@gmail.com,9421136377.0,Delhi,Delhi,Laptop,Electronics,3.0,1499.0,15.0,COD,Cancelled,25-03-2025,4497.0,3822.45,764.49,March,2025,Wednesday
ORD1182,25-06-2025,Rahul,rahul46@gmail.com,9993898089.0,Bengaluru,Karnataka,Bottle,Home,5.0,499.0,20.0,NetBanking,Returned,05-07-2025,2495.0,1996.0,399.20000000000005,June,2025,Wednesday
ORD1183,12-04-2025,Amit,amit77@gmail.com,9241602288.0,Delhi,Delhi,Bottle,Home,4.0,9999.0,20.0,NetBanking,Cancelled,18-04-2025,39996.0,31996.800000000003,6399.360000000001,April,2025,Saturday
ORD1185,14-02-2025,Rahul,rahul56@gmail.com,9870048875.0,Delhi,Delhi,Watch,Fashion,1.0,999.0,,NetBanking,Cancelled,18-02-2025,999.0,999.0,199.8,February,2025,Friday
ORD1186,31-03-2025,Vikas,vikas44gmail.com,9462113296.0,Mumbai,Maharashtra,Chair,Furniture,-1.0,499.0,10.0,Card,Pending,07-04-2025,-499.0,-449.1,-89.82000000000001,March,2025,Monday
ORD1187,06-06-2025,Rahul,rahul91@gmail.com,9299209389.0,Delhi,Delhi,Mouse,Electronics,5.0,2599.0,,Card,Returned,13-06-2025,12995.0,12995.0,2599.0,June,2025,Friday
ORD1188,18-02-2025,Rohit,rohit68@gmail.com,9134839694.0,Mumbai,Maharashtra,Mouse,Electronics,-1.0,2599.0,15.0,COD,Cancelled,28-02-2025,-2599.0,-2209.15,-441.83000000000004,February,2025,Tuesday
ORD1190,27-06-2025,Rohit,rohit72@gmail.com,9828064790.0,Bengaluru,Karnataka,Laptop,Electronics,3.0,1499.0,,NetBanking,Delivered,30-06-2025,4497.0,4497.0,899.4000000000001,June,2025,Friday
ORD1192,10-04-2025,Sneha,sneha47@gmail.com,9346739926.0,Lucknow,UP,Chair,Furniture,2.0,1499.0,,UPI,Returned,20-04-2025,2998.0,2998.0,599.6,April,2025,Thursday
ORD1193,24-02-2025,Rahul,rahul83@gmail.com,9914184322.0,Pune,Maharashtra,Bottle,Home,3.0,499.0,,Wallet,Returned,01-03-2025,1497.0,1497.0,299.40000000000003,February,2025,Monday
ORD1194,17-05-2025,Neha,neha48@gmail.com,9251581328.0,Bengaluru,Karnataka,Laptop,Electronics,5.0,1499.0,,Card,Delivered,27-05-2025,7495.0,7495.0,1499.0,May,2025,Saturday
ORD1195,26-06-2025,Rahul,rahul97@gmail.com,9670476961.0,Pune,Maharashtra,Shoes,Fashion,2.0,9999.0,20.0,COD,Delivered,01-07-2025,19998.0,15998.400000000001,3199.6800000000003,June,2025,Thursday
ORD1196,19-05-2025,Rohit,rohit36@gmail.com,9343829003.0,Lucknow,UP,Laptop,Electronics,4.0,9999.0,20.0,COD,Delivered,26-05-2025,39996.0,31996.800000000003,6399.360000000001,May,2025,Monday
ORD1197,31-03-2025,Rahul,rahul76@gmail.com,9977813525.0,Mumbai,Maharashtra,Watch,Fashion,5.0,499.0,,COD,Delivered,07-04-2025,2495.0,2495.0,499.0,March,2025,Monday
ORD1199,16-03-2025,Priya,priya25@gmail.com,9827915503.0,Mumbai,Maharashtra,Chair,Furniture,-1.0,499.0,,NetBanking,Returned,25-03-2025,-499.0,-499.0,-99.80000000000001,March,2025,Sunday
ORD1201,24-01-2025,Rohit,rohit31@gmail.com,9117012775.0,Bengaluru,Karnataka,Shoes,Fashion,2.0,1999.0,0.0,UPI,Delivered,29-01-2025,3998.0,3998.0,799.6,January,2025,Friday
ORD1202,16-05-2025,Rohit,rohit29@gmail.com,9297341581.0,Bengaluru,Karnataka,Chair,Furniture,5.0,9999.0,,Wallet,Delivered,21-05-2025,49995.0,49995.0,9999.0,May,2025,Friday
ORD1203,29-04-2025,Vikas,vikas36@gmail.com,9900923665.0,Bengaluru,Karnataka,Bottle,Home,4.0,2599.0,20.0,UPI,Cancelled,07-05-2025,10396.0,8316.800000000001,1663.3600000000004,April,2025,Tuesday
ORD1204,27-04-2025,Amit,amit28@gmail.com,9221581146.0,Lucknow,UP,Chair,Furniture,2.0,2599.0,,NetBanking,Pending,02-05-2025,5198.0,5198.0,1039.6000000000001,April,2025,Sunday
ORD1206,17-03-2025,Vikas,vikas95@gmail.com,9428593006.0,Bengaluru,Karnataka,Chair,Furniture,2.0,9999.0,0.0,UPI,Cancelled,22-03-2025,19998.0,19998.0,3999.6000000000004,March,2025,Monday
ORD1212,14-01-2025,Rohit,rohit67@gmail.com,9919764359.0,Pune,Maharashtra,Laptop,Electronics,5.0,1999.0,20.0,NetBanking,Delivered,23-01-2025,9995.0,7996.0,1599.2,January,2025,Tuesday
ORD1213,24-03-2025,Vikas,vikas32@gmail.com,9725923904.0,Mumbai,Maharashtra,Mouse,Electronics,5.0,1499.0,0.0,UPI,Cancelled,03-04-2025,7495.0,7495.0,1499.0,March,2025,Monday
ORD1215,11-04-2025,Vikas,vikas57@gmail.com,9116763158.0,Jaipur,Rajasthan,Mouse,Electronics,5.0,9999.0,,Wallet,Returned,18-04-2025,49995.0,49995.0,9999.0,April,2025,Friday
ORD1217,25-04-2025,Neha,neha6gmail.com,9913448662.0,Bengaluru,Karnataka,Laptop,Electronics,5.0,9999.0,10.0,Card,Returned,28-04-2025,49995.0,44995.5,8999.1,April,2025,Friday
ORD1218,21-05-2025,Amit,amit29@gmail.com,9171906382.0,Lucknow,UP,Bottle,Home,2.0,1499.0,20.0,UPI,Returned,23-05-2025,2998.0,2398.4,479.68000000000006,May,2025,Wednesday
ORD1220,04-04-2025,Rohit,rohit96@gmail.com,,Bengaluru,Karnataka,Watch,Fashion,1.0,9999.0,10.0,COD,Returned,08-04-2025,9999.0,8999.1,1799.8200000000002,April,2025,Friday
ORD1221,02-02-2025,Vikas,vikas94@gmail.com,9250810488.0,Lucknow,UP,Bottle,Home,5.0,999.0,15.0,NetBanking,Returned,08-02-2025,4995.0,4245.75,849.1500000000001,February,2025,Sunday
ORD1222,27-05-2025,Sneha,sneha39@gmail.com,9835766723.0,Lucknow,UP,Watch,Fashion,3.0,4999.0,15.0,Wallet,Returned,29-05-2025,14997.0,12747.449999999999,2549.49,May,2025,Tuesday
ORD1223,01-05-2025,Vikas,vikas81@gmail.com,9706847038.0,Pune,Maharashtra,Watch,Fashion,5.0,4999.0,10.0,COD,Cancelled,10-05-2025,24995.0,22495.5,4499.1,May,2025,Thursday
ORD1224,15-03-2025,Rahul,rahul61@gmail.com,9378954231.0,Mumbai,Maharashtra,Mouse,Electronics,2.0,4999.0,0.0,COD,Returned,20-03-2025,9998.0,9998.0,1999.6000000000001,March,2025,Saturday
ORD1226,16-01-2025,Rohit,rohit61@gmail.com,9334158867.0,Mumbai,Maharashtra,Watch,Fashion,5.0,499.0,20.0,UPI,Cancelled,19-01-2025,2495.0,1996.0,399.20000000000005,January,2025,Thursday
ORD1227,15-01-2025,Rohit,rohit73@gmail.com,9753446036.0,Lucknow,UP,Bottle,Home,2.0,499.0,10.0,NetBanking,Returned,22-01-2025,998.0,898.2,179.64000000000001,January,2025,Wednesday
ORD1228,06-03-2025,Priya,priya72@gmail.com,9286654600.0,Bengaluru,Karnataka,Shoes,Fashion,2.0,499.0,15.0,Wallet,Pending,12-03-2025,998.0,848.3,169.66,March,2025,Thursday
ORD1229,06-06-2025,Rohit,rohit55@gmail.com,9202480572.0,Jaipur,Rajasthan,Bottle,Home,5.0,499.0,10.0,Wallet,Returned,10-06-2025,2495.0,2245.5,449.1,June,2025,Friday
ORD1230,23-01-2025,Priya,priya62@gmail.com,9703144165.0,Delhi,Delhi,Shoes,Fashion,3.0,4999.0,,NetBanking,Delivered,02-02-2025,14997.0,14997.0,2999.4,January,2025,Thursday
ORD1231,07-05-2025,Neha,neha57@gmail.com,9311923454.0,Lucknow,UP,Bottle,Home,2.0,499.0,,UPI,Delivered,10-05-2025,998.0,998.0,199.60000000000002,May,2025,Wednesday
ORD1233,23-04-2025,Amit,amit78@gmail.com,9170597569.0,Delhi,Delhi,Bottle,Home,4.0,999.0,20.0,NetBanking,Pending,30-04-2025,3996.0,3196.8,639.3600000000001,April,2025,Wednesday
ORD1235,10-06-2025,Rohit,rohit82@gmail.com,9786681008.0,Mumbai,Maharashtra,Laptop,Electronics,5.0,9999.0,,Wallet,Returned,18-06-2025,49995.0,49995.0,9999.0,June,2025,Tuesday
ORD1236,30-03-2025,Sneha,sneha52@gmail.com,9467598211.0,Pune,Maharashtra,Shoes,Fashion,5.0,4999.0,20.0,UPI,Returned,08-04-2025,24995.0,19996.0,3999.2000000000003,March,2025,Sunday
ORD1237,08-02-2025,Sneha,sneha64@gmail.com,9609840956.0,Delhi,Delhi,Mouse,Electronics,5.0,2599.0,10.0,NetBanking,Pending,12-02-2025,12995.0,11695.5,2339.1,February,2025,Saturday
ORD1238,13-02-2025,Sneha,sneha20@gmail.com,9215923777.0,Jaipur,Rajasthan,Chair,Furniture,3.0,2599.0,20.0,Wallet,Returned,22-02-2025,7797.0,6237.6,1247.5200000000002,February,2025,Thursday
ORD1239,02-02-2025,Amit,amit99@gmail.com,9298132383.0,Delhi,Delhi,Mouse,Electronics,4.0,4999.0,20.0,COD,Delivered,09-02-2025,19996.0,15996.800000000001,3199.3600000000006,February,2025,Sunday
ORD1241,13-04-2025,Rahul,rahul74@gmail.com,9266228954.0,Delhi,Delhi,Chair,Furniture,5.0,1499.0,,COD,Cancelled,15-04-2025,7495.0,7495.0,1499.0,April,2025,Sunday
ORD1242,18-06-2025,Priya,priya44@gmail.com,,Bengaluru,Karnataka,Chair,Furniture,4.0,9999.0,20.0,NetBanking,Returned,22-06-2025,39996.0,31996.800000000003,6399.360000000001,June,2025,Wednesday
ORD1244,19-01-2025,Amit,amit54@gmail.com,9855809712.0,Mumbai,Maharashtra,Shoes,Fashion,5.0,499.0,10.0,Card,Pending,23-01-2025,2495.0,2245.5,449.1,January,2025,Sunday
ORD1245,20-04-2025,Rahul,rahul89@gmail.com,9549999839.0,Delhi,Delhi,Chair,Furniture,5.0,1499.0,10.0,COD,Pending,29-04-2025,7495.0,6745.5,1349.1000000000001,April,2025,Sunday
ORD1247,28-06-2025,Amit,amit15@gmail.com,9343013197.0,Delhi,Delhi,Chair,Furniture,5.0,1999.0,5.0,Card,Delivered,01-07-2025,9995.0,9495.25,1899.0500000000002,June,2025,Saturday
ORD1248,13-06-2025,Priya,priya58gmail.com,9202774742.0,Bengaluru,Karnataka,Mouse,Electronics,3.0,4999.0,20.0,Card,Pending,19-06-2025,14997.0,11997.6,2399.52,June,2025,Friday
ORD1249,17-04-2025,Vikas,vikas45@gmail.com,9491984023.0,Mumbai,Maharashtra,Mouse,Electronics,5.0,499.0,,COD,Cancelled,19-04-2025,2495.0,2495.0,499.0,April,2025,Thursday
ORD1251,26-06-2025,Neha,neha24@gmail.com,9849220357.0,Mumbai,Maharashtra,Watch,Fashion,3.0,1999.0,20.0,Wallet,Cancelled,05-07-2025,5997.0,4797.6,959.5200000000001,June,2025,Thursday
ORD1253,27-03-2025,Priya,priya3@gmail.com,9739892616.0,Pune,Maharashtra,Laptop,Electronics,5.0,1999.0,0.0,NetBanking,Cancelled,01-04-2025,9995.0,9995.0,1999.0,March,2025,Thursday
ORD1256,02-01-2025,Rahul,rahul71@gmail.com,9808851312.0,Mumbai,Maharashtra,Laptop,Electronics,2.0,499.0,15.0,COD,Pending,07-01-2025,998.0,848.3,169.66,January,2025,Thursday
ORD1257,23-06-2025,Vikas,vikas26@gmail.com,9828811528.0,Mumbai,Maharashtra,Watch,Fashion,-1.0,9999.0,15.0,COD,Returned,25-06-2025,-9999.0,-8499.15,-1699.83,June,2025,Monday
ORD1258,13-02-2025,Neha,neha55@gmail.com,9196604908.0,Lucknow,UP,Shoes,Fashion,2.0,4999.0,15.0,NetBanking,Delivered,21-02-2025,9998.0,8498.3,1699.6599999999999,February,2025,Thursday
ORD1259,21-03-2025,Rahul,rahul55@gmail.com,9414758374.0,Delhi,Delhi,Mouse,Electronics,5.0,999.0,0.0,Wallet,Returned,23-03-2025,4995.0,4995.0,999.0,March,2025,Friday
ORD1260,20-02-2025,Sneha,sneha41@gmail.com,9970915750.0,Delhi,Delhi,Bottle,Home,-1.0,1499.0,,Wallet,Returned,26-02-2025,-1499.0,-1499.0,-299.8,February,2025,Thursday
ORD1262,29-06-2025,Sneha,sneha24@gmail.com,9282445351.0,Pune,Maharashtra,Bottle,Home,5.0,499.0,10.0,Card,Returned,07-07-2025,2495.0,2245.5,449.1,June,2025,Sunday
ORD1263,23-05-2025,Amit,amit89@gmail.com,9432372075.0,Mumbai,Maharashtra,Laptop,Electronics,3.0,1999.0,10.0,Wallet,Returned,31-05-2025,5997.0,5397.3,1079.46,May,2025,Friday
ORD1266,12-04-2025,Sneha,sneha10@gmail.com,9408316749.0,Mumbai,Maharashtra,Shoes,Fashion,3.0,499.0,15.0,COD,Delivered,16-04-2025,1497.0,1272.45,254.49,April,2025,Saturday
ORD1267,09-01-2025,Neha,neha54@gmail.com,9588418445.0,Mumbai,Maharashtra,Mouse,Electronics,4.0,499.0,10.0,Wallet,Cancelled,17-01-2025,1996.0,1796.4,359.28000000000003,January,2025,Thursday
ORD1268,12-02-2025,Neha,neha99@gmail.com,9434349945.0,Jaipur,Rajasthan,Watch,Fashion,3.0,9999.0,20.0,UPI,Pending,18-02-2025,29997.0,23997.600000000002,4799.52,February,2025,Wednesday
ORD1269,07-03-2025,Sneha,sneha66@gmail.com,9218301286.0,Lucknow,UP,Mouse,Electronics,-1.0,999.0,,COD,Pending,11-03-2025,-999.0,-999.0,-199.8,March,2025,Friday
ORD1271,12-06-2025,Rohit,rohit72@gmail.com,9387139728.0,Pune,Maharashtra,Shoes,Fashion,5.0,2599.0,0.0,UPI,Returned,17-06-2025,12995.0,12995.0,2599.0,June,2025,Thursday
ORD1273,19-05-2025,Vikas,vikas29@gmail.com,9933581073.0,Bengaluru,Karnataka,Bottle,Home,5.0,999.0,15.0,NetBanking,Pending,28-05-2025,4995.0,4245.75,849.1500000000001,May,2025,Monday
ORD1275,15-03-2025,Priya,priya71@gmail.com,9884785474.0,Pune,Maharashtra,Shoes,Fashion,1.0,1999.0,0.0,COD,Returned,,1999.0,1999.0,399.8,March,2025,Saturday
ORD1276,22-01-2025,Rahul,rahul20@gmail.com,9738093025.0,Mumbai,Maharashtra,Shoes,Fashion,1.0,1999.0,5.0,Wallet,Cancelled,28-01-2025,1999.0,1899.05,379.81,January,2025,Wednesday
ORD1277,21-03-2025,Sneha,sneha4@gmail.com,9514685895.0,Bengaluru,Karnataka,Chair,Furniture,2.0,2599.0,15.0,COD,Returned,29-03-2025,5198.0,4418.3,883.6600000000001,March,2025,Friday
ORD1278,31-05-2025,Amit,amit21@gmail.com,9142819354.0,Pune,Maharashtra,Watch,Fashion,2.0,4999.0,0.0,UPI,Delivered,04-06-2025,9998.0,9998.0,1999.6000000000001,May,2025,Saturday
ORD1281,19-01-2025,Amit,amit29@gmail.com,9979454031.0,Jaipur,Rajasthan,Mouse,Electronics,-1.0,1999.0,20.0,COD,Delivered,22-01-2025,-1999.0,-1599.2,-319.84000000000003,January,2025,Sunday
ORD1282,13-03-2025,Amit,amit69@gmail.com,9644434191.0,Bengaluru,Karnataka,Mouse,Electronics,-1.0,499.0,20.0,NetBanking,Returned,16-03-2025,-499.0,-399.20000000000005,-79.84000000000002,March,2025,Thursday
ORD1283,26-04-2025,Vikas,vikas32@gmail.com,9297674020.0,Jaipur,Rajasthan,Laptop,Electronics,5.0,1499.0,20.0,COD,Returned,06-05-2025,7495.0,5996.0,1199.2,April,2025,Saturday
ORD1285,13-05-2025,Rahul,rahul62@gmail.com,9780966201.0,Lucknow,UP,Watch,Fashion,1.0,1999.0,0.0,UPI,Cancelled,18-05-2025,1999.0,1999.0,399.8,May,2025,Tuesday
ORD1286,03-04-2025,Sneha,sneha18@gmail.com,,Mumbai,Maharashtra,Shoes,Fashion,5.0,999.0,0.0,Card,Delivered,06-04-2025,4995.0,4995.0,999.0,April,2025,Thursday
ORD1289,31-03-2025,Vikas,vikas42@gmail.com,9651366276.0,Jaipur,Rajasthan,Watch,Fashion,5.0,999.0,,COD,Delivered,03-04-2025,4995.0,4995.0,999.0,March,2025,Monday
ORD1290,06-03-2025,Priya,priya70@gmail.com,9708434568.0,Bengaluru,Karnataka,Laptop,Electronics,-1.0,9999.0,15.0,Card,Delivered,08-03-2025,-9999.0,-8499.15,-1699.83,March,2025,Thursday
ORD1291,26-03-2025,Amit,amit94@gmail.com,9934522676.0,Delhi,Delhi,Bottle,Home,2.0,999.0,,Card,Pending,29-03-2025,1998.0,1998.0,399.6,March,2025,Wednesday
ORD1295,24-06-2025,Priya,priya27@gmail.com,9733464584.0,Lucknow,UP,Watch,Fashion,-1.0,4999.0,5.0,NetBanking,Cancelled,04-07-2025,-4999.0,-4749.05,-949.8100000000001,June,2025,Tuesday
ORD1298,03-02-2025,Amit,amit54@gmail.com,9454902491.0,Pune,Maharashtra,Watch,Fashion,-1.0,1999.0,,Wallet,Pending,09-02-2025,-1999.0,-1999.0,-399.8,February,2025,Monday
ORD1299,12-05-2025,Rohit,rohit84@gmail.com,9519363731.0,Mumbai,Maharashtra,Shoes,Fashion,5.0,1999.0,0.0,UPI,Returned,18-05-2025,9995.0,9995.0,1999.0,May,2025,Monday
ORD1300,25-02-2025,Amit,amit19@gmail.com,9222483704.0,Jaipur,Rajasthan,Bottle,Home,1.0,499.0,5.0,NetBanking,Delivered,,499.0,474.04999999999995,94.81,February,2025,Tuesday
ORD1302,20-05-2025,Amit,amit79@gmail.com,9239911474.0,Bengaluru,Karnataka,Watch,Fashion,2.0,4999.0,,COD,Returned,30-05-2025,9998.0,9998.0,1999.6000000000001,May,2025,Tuesday
ORD1304,17-02-2025,Priya,priya53@gmail.com,9555193174.0,Pune,Maharashtra,Bottle,Home,-1.0,1999.0,,UPI,Pending,25-02-2025,-1999.0,-1999.0,-399.8,February,2025,Monday
ORD1305,09-02-2025,Vikas,vikas86@gmail.com,9523265367.0,Bengaluru,Karnataka,Chair,Furniture,4.0,1999.0,,COD,Delivered,12-02-2025,7996.0,7996.0,1599.2,February,2025,Sunday
ORD1307,19-02-2025,Amit,amit22@gmail.com,9261952088.0,Bengaluru,Karnataka,Laptop,Electronics,5.0,9999.0,,NetBanking,Delivered,26-02-2025,49995.0,49995.0,9999.0,February,2025,Wednesday
ORD1308,09-02-2025,Rahul,rahul41@gmail.com,,Delhi,Delhi,Chair,Furniture,2.0,1499.0,5.0,COD,Pending,12-02-2025,2998.0,2848.1,569.62,February,2025,Sunday
ORD1309,08-04-2025,Sneha,sneha88@gmail.com,9392114679.0,Jaipur,Rajasthan,Shoes,Fashion,2.0,1999.0,20.0,COD,Cancelled,18-04-2025,3998.0,3198.4,639.6800000000001,April,2025,Tuesday
ORD1310,10-03-2025,Amit,amit7gmail.com,9303283049.0,Lucknow,UP,Bottle,Home,5.0,2599.0,10.0,Card,Cancelled,13-03-2025,12995.0,11695.5,2339.1,March,2025,Monday
ORD1311,23-06-2025,Sneha,sneha18@gmail.com,9199150123.0,Jaipur,Rajasthan,Bottle,Home,4.0,1999.0,15.0,Wallet,Pending,02-07-2025,7996.0,6796.599999999999,1359.32,June,2025,Monday
ORD1312,03-02-2025,Amit,amit19@gmail.com,9113360501.0,Pune,Maharashtra,Laptop,Electronics,5.0,9999.0,5.0,COD,Cancelled,08-02-2025,49995.0,47495.25,9499.050000000001,February,2025,Monday
ORD1313,12-03-2025,Vikas,vikas2@gmail.com,9296775424.0,Lucknow,UP,Bottle,Home,2.0,499.0,10.0,Wallet,Returned,18-03-2025,998.0,898.2,179.64000000000001,March,2025,Wednesday
ORD1314,14-01-2025,Vikas,vikas8@gmail.com,9612657813.0,Pune,Maharashtra,Chair,Furniture,5.0,4999.0,5.0,COD,Delivered,17-01-2025,24995.0,23745.25,4749.05,January,2025,Tuesday
ORD1318,21-02-2025,Rahul,rahul73@gmail.com,9771789560.0,Bengaluru,Karnataka,Bottle,Home,2.0,499.0,10.0,NetBanking,Cancelled,25-02-2025,998.0,898.2,179.64000000000001,February,2025,Friday
ORD1321,18-06-2025,Vikas,vikas53@gmail.com,9910821614.0,Mumbai,Maharashtra,Bottle,Home,3.0,999.0,20.0,NetBanking,Returned,22-06-2025,2997.0,2397.6,479.52,June,2025,Wednesday
ORD1322,16-04-2025,Vikas,vikas30@gmail.com,9997851784.0,Pune,Maharashtra,Mouse,Electronics,5.0,4999.0,5.0,Card,Returned,21-04-2025,24995.0,23745.25,4749.05,April,2025,Wednesday
ORD1323,04-01-2025,Priya,priya11@gmail.com,9838548948.0,Jaipur,Rajasthan,Shoes,Fashion,2.0,9999.0,5.0,COD,Pending,11-01-2025,19998.0,18998.1,3799.62,January,2025,Saturday
ORD1325,29-05-2025,Amit,amit47@gmail.com,9397896952.0,Pune,Maharashtra,Mouse,Electronics,2.0,2599.0,0.0,Card,Pending,,5198.0,5198.0,1039.6000000000001,May,2025,Thursday
ORD1327,23-06-2025,Amit,amit42@gmail.com,9292419662.0,Delhi,Delhi,Laptop,Electronics,2.0,1999.0,10.0,Wallet,Pending,01-07-2025,3998.0,3598.2000000000003,719.6400000000001,June,2025,Monday
ORD1328,15-05-2025,Amit,amit64@gmail.com,9310217232.0,Mumbai,Maharashtra,Chair,Furniture,3.0,1999.0,,NetBanking,Returned,21-05-2025,5997.0,5997.0,1199.4,May,2025,Thursday
ORD1329,09-05-2025,Rahul,rahul90@gmail.com,9706293416.0,Delhi,Delhi,Bottle,Home,5.0,4999.0,20.0,NetBanking,Returned,17-05-2025,24995.0,19996.0,3999.2000000000003,May,2025,Friday
ORD1330,06-06-2025,Vikas,vikas41@gmail.com,,Lucknow,UP,Mouse,Electronics,3.0,9999.0,0.0,UPI,Pending,10-06-2025,29997.0,29997.0,5999.400000000001,June,2025,Friday
ORD1331,23-06-2025,Sneha,sneha20@gmail.com,9561744309.0,Pune,Maharashtra,Mouse,Electronics,5.0,4999.0,,COD,Delivered,27-06-2025,24995.0,24995.0,4999.0,June,2025,Monday
ORD1334,27-02-2025,Rahul,rahul98@gmail.com,9151907626.0,Pune,Maharashtra,Bottle,Home,3.0,1999.0,0.0,Card,Returned,08-03-2025,5997.0,5997.0,1199.4,February,2025,Thursday
ORD1335,08-04-2025,Rohit,rohit34@gmail.com,9113457890.0,Lucknow,UP,Chair,Furniture,3.0,2599.0,0.0,Card,Pending,17-04-2025,7797.0,7797.0,1559.4,April,2025,Tuesday
ORD1337,04-02-2025,Rahul,rahul58@gmail.com,9753076727.0,Jaipur,Rajasthan,Laptop,Electronics,4.0,999.0,,NetBanking,Cancelled,13-02-2025,3996.0,3996.0,799.2,February,2025,Tuesday
ORD1338,13-06-2025,Neha,neha99@gmail.com,9429636320.0,Lucknow,UP,Laptop,Electronics,5.0,4999.0,,Wallet,Pending,16-06-2025,24995.0,24995.0,4999.0,June,2025,Friday
ORD1339,23-02-2025,Rahul,rahul24@gmail.com,9301753805.0,Lucknow,UP,Watch,Fashion,3.0,499.0,0.0,COD,Delivered,27-02-2025,1497.0,1497.0,299.40000000000003,February,2025,Sunday
ORD1340,27-03-2025,Rohit,rohit84@gmail.com,9258772494.0,Mumbai,Maharashtra,Shoes,Fashion,4.0,1499.0,,Card,Delivered,06-04-2025,5996.0,5996.0,1199.2,March,2025,Thursday
ORD1341,05-05-2025,Rahul,rahul93gmail.com,9182121049.0,Jaipur,Rajasthan,Laptop,Electronics,1.0,4999.0,15.0,Card,Pending,15-05-2025,4999.0,4249.15,849.8299999999999,May,2025,Monday
ORD1343,23-02-2025,Rahul,rahul12@gmail.com,9783047502.0,Jaipur,Rajasthan,Laptop,Electronics,4.0,2599.0,0.0,NetBanking,Returned,27-02-2025,10396.0,10396.0,2079.2000000000003,February,2025,Sunday
ORD1345,05-06-2025,Sneha,sneha27@gmail.com,9536056189.0,Delhi,Delhi,Mouse,Electronics,1.0,499.0,20.0,NetBanking,Returned,15-06-2025,499.0,399.20000000000005,79.84000000000002,June,2025,Thursday
ORD1346,07-05-2025,Vikas,vikas51@gmail.com,9654467591.0,Lucknow,UP,Chair,Furniture,2.0,9999.0,,UPI,Pending,14-05-2025,19998.0,19998.0,3999.6000000000004,May,2025,Wednesday
ORD1347,29-03-2025,Sneha,sneha3@gmail.com,9348019295.0,Mumbai,Maharashtra,Shoes,Fashion,1.0,499.0,,UPI,Pending,31-03-2025,499.0,499.0,99.80000000000001,March,2025,Saturday
ORD1348,07-05-2025,Rahul,rahul68@gmail.com,9857040338.0,Mumbai,Maharashtra,Mouse,Electronics,2.0,499.0,5.0,COD,Delivered,09-05-2025,998.0,948.0999999999999,189.62,May,2025,Wednesday
ORD1349,21-03-2025,Amit,amit68@gmail.com,9794705508.0,Pune,Maharashtra,Bottle,Home,5.0,999.0,20.0,UPI,Delivered,23-03-2025,4995.0,3996.0,799.2,March,2025,Friday
ORD1350,10-04-2025,Rohit,rohit72@gmail.com,9665886128.0,Bengaluru,Karnataka,Laptop,Electronics,5.0,9999.0,5.0,Card,Returned,,49995.0,47495.25,9499.050000000001,April,2025,Thursday
ORD1352,23-04-2025,Vikas,vikas87@gmail.com,,Delhi,Delhi,Chair,Furniture,3.0,4999.0,0.0,UPI,Delivered,26-04-2025,14997.0,14997.0,2999.4,April,2025,Wednesday
ORD1353,07-02-2025,Sneha,sneha65@gmail.com,9559368648.0,Bengaluru,Karnataka,Watch,Fashion,-1.0,2599.0,10.0,NetBanking,Pending,12-02-2025,-2599.0,-2339.1,-467.82,February,2025,Friday
ORD1354,03-04-2025,Rahul,rahul12@gmail.com,9783505215.0,Mumbai,Maharashtra,Mouse,Electronics,1.0,499.0,,Wallet,Returned,07-04-2025,499.0,499.0,99.80000000000001,April,2025,Thursday
ORD1355,10-03-2025,Sneha,sneha18@gmail.com,9117422351.0,Mumbai,Maharashtra,Watch,Fashion,4.0,999.0,15.0,Wallet,Pending,20-03-2025,3996.0,3396.6,679.32,March,2025,Monday
ORD1356,03-06-2025,Vikas,vikas64@gmail.com,9191378164.0,Bengaluru,Karnataka,Laptop,Electronics,4.0,2599.0,,NetBanking,Returned,13-06-2025,10396.0,10396.0,2079.2000000000003,June,2025,Tuesday
ORD1357,06-04-2025,Neha,neha91@gmail.com,9732569957.0,Bengaluru,Karnataka,Mouse,Electronics,5.0,2599.0,10.0,COD,Delivered,13-04-2025,12995.0,11695.5,2339.1,April,2025,Sunday
ORD1358,15-01-2025,Vikas,vikas80@gmail.com,9139900666.0,Pune,Maharashtra,Bottle,Home,4.0,9999.0,,UPI,Delivered,24-01-2025,39996.0,39996.0,7999.200000000001,January,2025,Wednesday
ORD1359,03-06-2025,Priya,priya71@gmail.com,9848437643.0,Bengaluru,Karnataka,Shoes,Fashion,5.0,1499.0,20.0,Wallet,Cancelled,09-06-2025,7495.0,5996.0,1199.2,June,2025,Tuesday
ORD1361,30-01-2025,Amit,amit73@gmail.com,9645486322.0,Lucknow,UP,Mouse,Electronics,3.0,1999.0,,NetBanking,Pending,09-02-2025,5997.0,5997.0,1199.4,January,2025,Thursday
ORD1362,13-05-2025,Priya,priya84@gmail.com,9419451949.0,Pune,Maharashtra,Bottle,Home,3.0,9999.0,20.0,UPI,Delivered,23-05-2025,29997.0,23997.600000000002,4799.52,May,2025,Tuesday
ORD1364,12-05-2025,Rahul,rahul80@gmail.com,9356805063.0,Bengaluru,Karnataka,Mouse,Electronics,5.0,499.0,15.0,COD,Cancelled,19-05-2025,2495.0,2120.75,424.15000000000003,May,2025,Monday
ORD1367,04-04-2025,Amit,amit5@gmail.com,9360955921.0,Lucknow,UP,Bottle,Home,-1.0,999.0,10.0,COD,Pending,09-04-2025,-999.0,-899.1,-179.82000000000002,April,2025,Friday
ORD1368,20-06-2025,Neha,neha37@gmail.com,9846729797.0,Lucknow,UP,Bottle,Home,-1.0,1999.0,,Wallet,Returned,25-06-2025,-1999.0,-1999.0,-399.8,June,2025,Friday
ORD1370,17-05-2025,Rahul,rahul24@gmail.com,9244713912.0,Bengaluru,Karnataka,Bottle,Home,5.0,4999.0,15.0,Wallet,Pending,22-05-2025,24995.0,21245.75,4249.150000000001,May,2025,Saturday
ORD1371,04-01-2025,Sneha,sneha55@gmail.com,9125679072.0,Jaipur,Rajasthan,Chair,Furniture,2.0,1999.0,0.0,Wallet,Delivered,14-01-2025,3998.0,3998.0,799.6,January,2025,Saturday
ORD1372,04-02-2025,Rahul,rahul15gmail.com,9509340822.0,Delhi,Delhi,Shoes,Fashion,1.0,499.0,,NetBanking,Returned,06-02-2025,499.0,499.0,99.80000000000001,February,2025,Tuesday
ORD1373,12-05-2025,Neha,neha77@gmail.com,9898877941.0,Pune,Maharashtra,Bottle,Home,4.0,4999.0,,Wallet,Returned,16-05-2025,19996.0,19996.0,3999.2000000000003,May,2025,Monday
ORD1375,04-04-2025,Rahul,rahul19@gmail.com,9691259107.0,Mumbai,Maharashtra,Bottle,Home,1.0,2599.0,0.0,UPI,Delivered,,2599.0,2599.0,519.8000000000001,April,2025,Friday
ORD1376,01-06-2025,Sneha,sneha34@gmail.com,9409847018.0,Lucknow,UP,Mouse,Electronics,4.0,999.0,,COD,Delivered,11-06-2025,3996.0,3996.0,799.2,June,2025,Sunday
ORD1377,18-03-2025,Sneha,sneha95@gmail.com,9420527618.0,Pune,Maharashtra,Mouse,Electronics,-1.0,1499.0,15.0,Card,Pending,28-03-2025,-1499.0,-1274.1499999999999,-254.82999999999998,March,2025,Tuesday
ORD1380,23-02-2025,Rahul,rahul45@gmail.com,9536788264.0,Mumbai,Maharashtra,Laptop,Electronics,4.0,9999.0,,NetBanking,Returned,03-03-2025,39996.0,39996.0,7999.200000000001,February,2025,Sunday
ORD1381,06-02-2025,Neha,neha93@gmail.com,9427460011.0,Bengaluru,Karnataka,Shoes,Fashion,5.0,2599.0,20.0,Card,Pending,10-02-2025,12995.0,10396.0,2079.2000000000003,February,2025,Thursday
ORD1382,25-01-2025,Rahul,rahul41@gmail.com,9829324614.0,Mumbai,Maharashtra,Chair,Furniture,1.0,1499.0,20.0,Wallet,Pending,04-02-2025,1499.0,1199.2,239.84000000000003,January,2025,Saturday
ORD1384,04-06-2025,Vikas,vikas93@gmail.com,9844862358.0,Mumbai,Maharashtra,Bottle,Home,-1.0,999.0,15.0,Card,Delivered,08-06-2025,-999.0,-849.15,-169.83,June,2025,Wednesday
ORD1385,25-01-2025,Sneha,sneha67@gmail.com,9237413851.0,Pune,Maharashtra,Watch,Fashion,3.0,2599.0,10.0,UPI,Returned,28-01-2025,7797.0,7017.3,1403.46,January,2025,Saturday
ORD1386,02-03-2025,Amit,amit9@gmail.com,9363174202.0,Lucknow,UP,Shoes,Fashion,-1.0,2599.0,15.0,UPI,Cancelled,07-03-2025,-2599.0,-2209.15,-441.83000000000004,March,2025,Sunday
ORD1389,08-04-2025,Vikas,vikas47@gmail.com,9142891755.0,Lucknow,UP,Shoes,Fashion,-1.0,4999.0,5.0,COD,Returned,15-04-2025,-4999.0,-4749.05,-949.8100000000001,April,2025,Tuesday
ORD1391,20-05-2025,Neha,neha45@gmail.com,9753301285.0,Bengaluru,Karnataka,Bottle,Home,5.0,999.0,20.0,Card,Returned,30-05-2025,4995.0,3996.0,799.2,May,2025,Tuesday
ORD1392,20-06-2025,Vikas,vikas1@gmail.com,9619221858.0,Bengaluru,Karnataka,Chair,Furniture,1.0,9999.0,0.0,COD,Cancelled,27-06-2025,9999.0,9999.0,1999.8000000000002,June,2025,Friday
ORD1395,29-06-2025,Neha,neha45@gmail.com,9291811387.0,Lucknow,UP,Chair,Furniture,1.0,499.0,5.0,COD,Pending,07-07-2025,499.0,474.04999999999995,94.81,June,2025,Sunday
ORD1398,02-03-2025,Neha,neha25@gmail.com,9218737753.0,Bengaluru,Karnataka,Laptop,Electronics,3.0,1999.0,0.0,NetBanking,Cancelled,08-03-2025,5997.0,5997.0,1199.4,March,2025,Sunday
ORD1399,06-01-2025,Neha,neha99@gmail.com,9936830524.0,Pune,Maharashtra,Chair,Furniture,3.0,1499.0,10.0,UPI,Returned,16-01-2025,4497.0,4047.3,809.46,January,2025,Monday
ORD1401,17-06-2025,Rohit,rohit47@gmail.com,9281394007.0,Delhi,Delhi,Laptop,Electronics,4.0,1999.0,15.0,COD,Returned,19-06-2025,7996.0,6796.599999999999,1359.32,June,2025,Tuesday
ORD1402,15-06-2025,Rohit,rohit82@gmail.com,9529644273.0,Jaipur,Rajasthan,Laptop,Electronics,1.0,1499.0,,COD,Returned,18-06-2025,1499.0,1499.0,299.8,June,2025,Sunday
ORD1403,15-04-2025,Rohit,rohit30gmail.com,9450277671.0,Jaipur,Rajasthan,Chair,Furniture,4.0,1499.0,15.0,COD,Cancelled,17-04-2025,5996.0,5096.599999999999,1019.3199999999999,April,2025,Tuesday
ORD1404,11-04-2025,Sneha,sneha22@gmail.com,9434292317.0,Mumbai,Maharashtra,Laptop,Electronics,4.0,1499.0,5.0,Wallet,Cancelled,20-04-2025,5996.0,5696.2,1139.24,April,2025,Friday
ORD1406,24-01-2025,Neha,neha53@gmail.com,9256072372.0,Bengaluru,Karnataka,Watch,Fashion,5.0,4999.0,10.0,UPI,Delivered,26-01-2025,24995.0,22495.5,4499.1,January,2025,Friday
ORD1407,17-01-2025,Rahul,rahul1@gmail.com,9762627881.0,Bengaluru,Karnataka,Chair,Furniture,5.0,1999.0,20.0,Card,Cancelled,22-01-2025,9995.0,7996.0,1599.2,January,2025,Friday
ORD1408,13-02-2025,Neha,neha66@gmail.com,9629553838.0,Jaipur,Rajasthan,Mouse,Electronics,5.0,2599.0,20.0,Wallet,Returned,21-02-2025,12995.0,10396.0,2079.2000000000003,February,2025,Thursday
ORD1409,06-02-2025,Priya,priya1@gmail.com,9526867921.0,Delhi,Delhi,Watch,Fashion,4.0,9999.0,5.0,Wallet,Returned,08-02-2025,39996.0,37996.2,7599.24,February,2025,Thursday
ORD1411,13-01-2025,Sneha,sneha95@gmail.com,9918096448.0,Mumbai,Maharashtra,Laptop,Electronics,1.0,1999.0,15.0,COD,Pending,16-01-2025,1999.0,1699.1499999999999,339.83,January,2025,Monday
ORD1412,24-04-2025,Vikas,vikas28@gmail.com,9954928448.0,Mumbai,Maharashtra,Watch,Fashion,5.0,1999.0,5.0,COD,Pending,03-05-2025,9995.0,9495.25,1899.0500000000002,April,2025,Thursday
ORD1415,22-05-2025,Vikas,vikas88@gmail.com,9567074339.0,Jaipur,Rajasthan,Mouse,Electronics,-1.0,1499.0,,Card,Pending,27-05-2025,-1499.0,-1499.0,-299.8,May,2025,Thursday
ORD1417,04-01-2025,Rohit,rohit91@gmail.com,9485740696.0,Delhi,Delhi,Mouse,Electronics,4.0,4999.0,,UPI,Pending,13-01-2025,19996.0,19996.0,3999.2000000000003,January,2025,Saturday
ORD1418,05-04-2025,Sneha,sneha54@gmail.com,,Jaipur,Rajasthan,Chair,Furniture,4.0,4999.0,,NetBanking,Returned,13-04-2025,19996.0,19996.0,3999.2000000000003,April,2025,Saturday
ORD1419,23-06-2025,Rohit,rohit64@gmail.com,9562675135.0,Jaipur,Rajasthan,Chair,Furniture,3.0,1499.0,0.0,Wallet,Delivered,01-07-2025,4497.0,4497.0,899.4000000000001,June,2025,Monday
ORD1421,14-03-2025,Vikas,vikas31@gmail.com,9183431745.0,Mumbai,Maharashtra,Watch,Fashion,4.0,999.0,10.0,NetBanking,Pending,21-03-2025,3996.0,3596.4,719.2800000000001,March,2025,Friday
ORD1422,09-05-2025,Amit,amit95@gmail.com,9157480200.0,Delhi,Delhi,Watch,Fashion,5.0,4999.0,5.0,NetBanking,Cancelled,15-05-2025,24995.0,23745.25,4749.05,May,2025,Friday
ORD1424,29-03-2025,Priya,priya48@gmail.com,9166100655.0,Bengaluru,Karnataka,Laptop,Electronics,2.0,9999.0,20.0,NetBanking,Cancelled,04-04-2025,19998.0,15998.400000000001,3199.6800000000003,March,2025,Saturday
ORD1425,11-02-2025,Priya,priya36@gmail.com,9830537173.0,Delhi,Delhi,Chair,Furniture,-1.0,4999.0,20.0,Wallet,Pending,,-4999.0,-3999.2000000000003,-799.8400000000001,February,2025,Tuesday
ORD1426,19-06-2025,Priya,priya86@gmail.com,9338976081.0,Pune,Maharashtra,Laptop,Electronics,5.0,1499.0,10.0,COD,Delivered,26-06-2025,7495.0,6745.5,1349.1000000000001,June,2025,Thursday
ORD1427,14-02-2025,Sneha,sneha25@gmail.com,9764093062.0,Jaipur,Rajasthan,Watch,Fashion,5.0,9999.0,,NetBanking,Pending,22-02-2025,49995.0,49995.0,9999.0,February,2025,Friday
ORD1428,02-04-2025,Priya,priya27@gmail.com,9575383484.0,Jaipur,Rajasthan,Bottle,Home,5.0,499.0,5.0,Card,Cancelled,08-04-2025,2495.0,2370.25,474.05,April,2025,Wednesday
ORD1430,13-02-2025,Sneha,sneha17@gmail.com,9770563699.0,Lucknow,UP,Watch,Fashion,5.0,1499.0,20.0,Wallet,Cancelled,16-02-2025,7495.0,5996.0,1199.2,February,2025,Thursday
ORD1431,05-02-2025,Priya,priya43@gmail.com,9340031993.0,Bengaluru,Karnataka,Shoes,Fashion,2.0,999.0,5.0,COD,Cancelled,15-02-2025,1998.0,1898.1,379.62,February,2025,Wednesday
ORD1433,16-04-2025,Sneha,sneha19@gmail.com,9818263600.0,Jaipur,Rajasthan,Shoes,Fashion,5.0,499.0,15.0,UPI,Cancelled,20-04-2025,2495.0,2120.75,424.15000000000003,April,2025,Wednesday
ORD1434,12-01-2025,Vikas,vikas94gmail.com,9723823343.0,Jaipur,Rajasthan,Chair,Furniture,5.0,1999.0,,Wallet,Cancelled,20-01-2025,9995.0,9995.0,1999.0,January,2025,Sunday
ORD1435,05-03-2025,Rohit,rohit67@gmail.com,9653409026.0,Lucknow,UP,Laptop,Electronics,5.0,4999.0,20.0,NetBanking,Cancelled,08-03-2025,24995.0,19996.0,3999.2000000000003,March,2025,Wednesday
ORD1436,22-06-2025,Amit,amit73@gmail.com,9568733492.0,Lucknow,UP,Watch,Fashion,5.0,999.0,15.0,UPI,Cancelled,01-07-2025,4995.0,4245.75,849.1500000000001,June,2025,Sunday
ORD1437,01-06-2025,Vikas,vikas1@gmail.com,9541696034.0,Bengaluru,Karnataka,Bottle,Home,4.0,2599.0,,NetBanking,Cancelled,09-06-2025,10396.0,10396.0,2079.2000000000003,June,2025,Sunday
ORD1439,22-05-2025,Rahul,rahul34@gmail.com,9519365466.0,Lucknow,UP,Mouse,Electronics,5.0,1499.0,,NetBanking,Delivered,29-05-2025,7495.0,7495.0,1499.0,May,2025,Thursday
ORD1442,15-01-2025,Sneha,sneha75@gmail.com,9866056523.0,Mumbai,Maharashtra,Watch,Fashion,4.0,999.0,15.0,UPI,Cancelled,22-01-2025,3996.0,3396.6,679.32,January,2025,Wednesday
ORD1443,14-02-2025,Sneha,sneha36@gmail.com,9605647471.0,Lucknow,UP,Watch,Fashion,1.0,1499.0,0.0,Card,Pending,16-02-2025,1499.0,1499.0,299.8,February,2025,Friday
ORD1444,02-04-2025,Priya,priya86@gmail.com,9417981729.0,Delhi,Delhi,Bottle,Home,4.0,9999.0,20.0,NetBanking,Pending,08-04-2025,39996.0,31996.800000000003,6399.360000000001,April,2025,Wednesday
ORD1445,04-05-2025,Vikas,vikas38@gmail.com,9704800143.0,Pune,Maharashtra,Mouse,Electronics,3.0,499.0,5.0,COD,Delivered,12-05-2025,1497.0,1422.1499999999999,284.43,May,2025,Sunday
ORD1446,07-01-2025,Rahul,rahul36@gmail.com,9844906787.0,Mumbai,Maharashtra,Shoes,Fashion,3.0,1499.0,15.0,UPI,Cancelled,14-01-2025,4497.0,3822.45,764.49,January,2025,Tuesday
ORD1448,17-06-2025,Neha,neha6@gmail.com,9891169337.0,Pune,Maharashtra,Mouse,Electronics,1.0,4999.0,,NetBanking,Cancelled,19-06-2025,4999.0,4999.0,999.8000000000001,June,2025,Tuesday
ORD1449,19-05-2025,Priya,priya54@gmail.com,9920350446.0,Bengaluru,Karnataka,Bottle,Home,4.0,1999.0,20.0,UPI,Cancelled,22-05-2025,7996.0,6396.8,1279.3600000000001,May,2025,Monday
ORD1451,14-05-2025,Rohit,rohit33@gmail.com,9106492183.0,Lucknow,UP,Watch,Fashion,-1.0,1499.0,10.0,NetBanking,Pending,24-05-2025,-1499.0,-1349.1000000000001,-269.82000000000005,May,2025,Wednesday
ORD1452,23-05-2025,Rahul,rahul40@gmail.com,9125077784.0,Delhi,Delhi,Laptop,Electronics,5.0,999.0,10.0,Wallet,Cancelled,02-06-2025,4995.0,4495.5,899.1,May,2025,Friday
ORD1453,19-04-2025,Amit,amit65@gmail.com,9383907366.0,Pune,Maharashtra,Bottle,Home,-1.0,2599.0,10.0,UPI,Delivered,23-04-2025,-2599.0,-2339.1,-467.82,April,2025,Saturday
ORD1454,10-02-2025,Neha,neha53@gmail.com,9124493553.0,Pune,Maharashtra,Watch,Fashion,2.0,1999.0,15.0,COD,Delivered,17-02-2025,3998.0,3398.2999999999997,679.66,February,2025,Monday
ORD1455,23-01-2025,Rahul,rahul97@gmail.com,9669206149.0,Delhi,Delhi,Shoes,Fashion,4.0,1499.0,20.0,Card,Pending,26-01-2025,5996.0,4796.8,959.3600000000001,January,2025,Thursday
ORD1456,01-05-2025,Rohit,rohit69@gmail.com,9619254906.0,Pune,Maharashtra,Watch,Fashion,-1.0,499.0,15.0,Wallet,Delivered,06-05-2025,-499.0,-424.15,-84.83,May,2025,Thursday
ORD1457,11-01-2025,Sneha,sneha97@gmail.com,9523945550.0,Jaipur,Rajasthan,Bottle,Home,5.0,1999.0,0.0,Wallet,Delivered,13-01-2025,9995.0,9995.0,1999.0,January,2025,Saturday
ORD1458,11-06-2025,Rohit,rohit80@gmail.com,9951760868.0,Mumbai,Maharashtra,Chair,Furniture,1.0,2599.0,20.0,NetBanking,Delivered,17-06-2025,2599.0,2079.2000000000003,415.8400000000001,June,2025,Wednesday
ORD1460,01-02-2025,Vikas,vikas8@gmail.com,9178563209.0,Bengaluru,Karnataka,Mouse,Electronics,2.0,4999.0,15.0,UPI,Delivered,06-02-2025,9998.0,8498.3,1699.6599999999999,February,2025,Saturday
ORD1461,01-04-2025,Rahul,rahul23@gmail.com,9433791076.0,Jaipur,Rajasthan,Shoes,Fashion,2.0,1499.0,20.0,UPI,Returned,08-04-2025,2998.0,2398.4,479.68000000000006,April,2025,Tuesday
ORD1463,22-06-2025,Neha,neha54@gmail.com,9794486194.0,Lucknow,UP,Bottle,Home,4.0,4999.0,20.0,COD,Cancelled,27-06-2025,19996.0,15996.800000000001,3199.3600000000006,June,2025,Sunday
ORD1464,21-05-2025,Sneha,sneha53@gmail.com,9595254143.0,Jaipur,Rajasthan,Laptop,Electronics,5.0,1999.0,0.0,Card,Cancelled,24-05-2025,9995.0,9995.0,1999.0,May,2025,Wednesday
ORD1465,13-04-2025,Priya,priya27gmail.com,9263255819.0,Bengaluru,Karnataka,Mouse,Electronics,5.0,2599.0,,Card,Returned,15-04-2025,12995.0,12995.0,2599.0,April,2025,Sunday
ORD1466,10-01-2025,Neha,neha50@gmail.com,9326023461.0,Pune,Maharashtra,Laptop,Electronics,-1.0,2599.0,,Wallet,Delivered,13-01-2025,-2599.0,-2599.0,-519.8000000000001,January,2025,Friday
ORD1469,01-04-2025,Rahul,rahul47@gmail.com,9815577094.0,Bengaluru,Karnataka,Bottle,Home,2.0,499.0,0.0,UPI,Delivered,11-04-2025,998.0,998.0,199.60000000000002,April,2025,Tuesday
ORD1470,03-01-2025,Priya,priya66@gmail.com,9458583296.0,Jaipur,Rajasthan,Watch,Fashion,2.0,9999.0,5.0,Wallet,Returned,05-01-2025,19998.0,18998.1,3799.62,January,2025,Friday
ORD1471,15-06-2025,Sneha,sneha54@gmail.com,9944717091.0,Delhi,Delhi,Laptop,Electronics,4.0,2599.0,20.0,COD,Returned,21-06-2025,10396.0,8316.800000000001,1663.3600000000004,June,2025,Sunday
ORD1472,18-03-2025,Vikas,vikas87@gmail.com,9861027886.0,Delhi,Delhi,Mouse,Electronics,5.0,1499.0,20.0,Card,Delivered,26-03-2025,7495.0,5996.0,1199.2,March,2025,Tuesday
ORD1473,19-02-2025,Rahul,rahul77@gmail.com,9635640677.0,Lucknow,UP,Mouse,Electronics,4.0,1499.0,,Wallet,Delivered,23-02-2025,5996.0,5996.0,1199.2,February,2025,Wednesday
ORD1476,22-06-2025,Rohit,rohit94@gmail.com,9281632903.0,Pune,Maharashtra,Chair,Furniture,5.0,2599.0,5.0,Card,Pending,30-06-2025,12995.0,12345.25,2469.05,June,2025,Sunday
ORD1478,19-04-2025,Sneha,sneha11@gmail.com,9233212770.0,Delhi,Delhi,Shoes,Fashion,2.0,1999.0,20.0,NetBanking,Delivered,23-04-2025,3998.0,3198.4,639.6800000000001,April,2025,Saturday
ORD1479,18-01-2025,Neha,neha63@gmail.com,9334823454.0,Bengaluru,Karnataka,Mouse,Electronics,4.0,4999.0,0.0,Card,Pending,26-01-2025,19996.0,19996.0,3999.2000000000003,January,2025,Saturday
ORD1481,17-06-2025,Rohit,rohit46@gmail.com,9379730312.0,Pune,Maharashtra,Shoes,Fashion,4.0,2599.0,,Wallet,Pending,24-06-2025,10396.0,10396.0,2079.2000000000003,June,2025,Tuesday
ORD1482,27-04-2025,Rahul,rahul53@gmail.com,9487897218.0,Pune,Maharashtra,Mouse,Electronics,5.0,499.0,5.0,Wallet,Delivered,01-05-2025,2495.0,2370.25,474.05,April,2025,Sunday
ORD1483,20-04-2025,Neha,neha34@gmail.com,9620909768.0,Bengaluru,Karnataka,Laptop,Electronics,2.0,1999.0,5.0,NetBanking,Pending,28-04-2025,3998.0,3798.1,759.62,April,2025,Sunday
ORD1484,16-02-2025,Sneha,sneha66@gmail.com,,Delhi,Delhi,Chair,Furniture,4.0,9999.0,10.0,NetBanking,Cancelled,20-02-2025,39996.0,35996.4,7199.280000000001,February,2025,Sunday
ORD1485,24-05-2025,Rohit,rohit35@gmail.com,9845248519.0,Pune,Maharashtra,Chair,Furniture,5.0,499.0,5.0,NetBanking,Delivered,31-05-2025,2495.0,2370.25,474.05,May,2025,Saturday
ORD1487,13-04-2025,Rohit,rohit31@gmail.com,9370472644.0,Jaipur,Rajasthan,Chair,Furniture,1.0,499.0,0.0,UPI,Delivered,16-04-2025,499.0,499.0,99.80000000000001,April,2025,Sunday
ORD1488,15-02-2025,Sneha,sneha32@gmail.com,9335556096.0,Delhi,Delhi,Mouse,Electronics,2.0,499.0,,Wallet,Cancelled,23-02-2025,998.0,998.0,199.60000000000002,February,2025,Saturday
ORD1490,08-05-2025,Sneha,sneha22@gmail.com,9311385417.0,Pune,Maharashtra,Laptop,Electronics,2.0,9999.0,20.0,Card,Delivered,17-05-2025,19998.0,15998.400000000001,3199.6800000000003,May,2025,Thursday
ORD1491,04-03-2025,Priya,priya42@gmail.com,9975620718.0,Lucknow,UP,Laptop,Electronics,2.0,1499.0,10.0,UPI,Cancelled,11-03-2025,2998.0,2698.2000000000003,539.6400000000001,March,2025,Tuesday
ORD1493,05-03-2025,Sneha,sneha27@gmail.com,9961393609.0,Delhi,Delhi,Mouse,Electronics,5.0,4999.0,,COD,Delivered,07-03-2025,24995.0,24995.0,4999.0,March,2025,Wednesday
ORD1494,20-03-2025,Sneha,sneha50@gmail.com,9703494194.0,Delhi,Delhi,Bottle,Home,5.0,999.0,0.0,Wallet,Delivered,23-03-2025,4995.0,4995.0,999.0,March,2025,Thursday
ORD1498,26-04-2025,Priya,priya59@gmail.com,9949870677.0,Jaipur,Rajasthan,Mouse,Electronics,5.0,1499.0,10.0,Wallet,Delivered,03-05-2025,7495.0,6745.5,1349.1000000000001,April,2025,Saturday
ORD1501,28-04-2025,Amit,amit26@gmail.com,9873317457.0,Lucknow,UP,Chair,Furniture,-1.0,1499.0,15.0,Wallet,Delivered,04-05-2025,-1499.0,-1274.1499999999999,-254.82999999999998,April,2025,Monday
ORD1601,28-04-2025,Amit,amit26@gmail.com,9873317457.0,Lucknow,UP,Chair,Furniture,-1.0,1499.0,15.0,Wallet,Delivered,04-05-2025,-1499.0,-1274.1499999999999,-254.82999999999998,April,2025,Monday
ORD1602,30-06-2025,Neha,neha82@gmail.com,9829008196.0,Delhi,Delhi,Chair,Furniture,4.0,1999.0,,UPI,Pending,03-07-2025,7996.0,7996.0,1599.2,June,2025,Monday
ORD1603,03-02-2025,Rohit,rohit45@gmail.com,9280491167.0,Pune,Maharashtra,Watch,Fashion,5.0,4999.0,20.0,Card,Pending,09-02-2025,24995.0,19996.0,3999.2000000000003,February,2025,Monday
ORD1604,06-05-2025,Amit,amit6@gmail.com,9943310925.0,Jaipur,Rajasthan,Mouse,Electronics,3.0,1999.0,5.0,COD,Returned,08-05-2025,5997.0,5697.15,1139.43,May,2025,Tuesday
ORD1607,10-02-2025,Rahul,rahul82@gmail.com,9517780193.0,Mumbai,Maharashtra,Mouse,Electronics,3.0,499.0,20.0,Wallet,Cancelled,18-02-2025,1497.0,1197.6000000000001,239.52000000000004,February,2025,Monday
ORD1608,17-02-2025,Rahul,rahul71@gmail.com,9789375429.0,Lucknow,UP,Mouse,Electronics,4.0,9999.0,,Card,Returned,27-02-2025,39996.0,39996.0,7999.200000000001,February,2025,Monday
ORD1611,11-01-2025,Neha,neha22@gmail.com,9580304152.0,Jaipur,Rajasthan,Chair,Furniture,3.0,999.0,,COD,Pending,16-01-2025,2997.0,2997.0,599.4,January,2025,Saturday
ORD1612,03-03-2025,Vikas,vikas46@gmail.com,9551158398.0,Jaipur,Rajasthan,Shoes,Fashion,3.0,999.0,5.0,COD,Cancelled,09-03-2025,2997.0,2847.15,569.4300000000001,March,2025,Monday
ORD1615,10-02-2025,Rahul,rahul82@gmail.com,9517780193.0,Mumbai,Maharashtra,Mouse,Electronics,3.0,499.0,20.0,Wallet,Cancelled,18-02-2025,1497.0,1197.6000000000001,239.52000000000004,February,2025,Monday
ORD1616,17-02-2025,Rahul,rahul71@gmail.com,9789375429.0,Lucknow,UP,Mouse,Electronics,4.0,9999.0,,Card,Returned,27-02-2025,39996.0,39996.0,7999.200000000001,February,2025,Monday
ORD1619,11-01-2025,Neha,neha22@gmail.com,9580304152.0,Jaipur,Rajasthan,Chair,Furniture,3.0,999.0,,COD,Pending,16-01-2025,2997.0,2997.0,599.4,January,2025,Saturday
ORD1620,03-03-2025,Vikas,vikas46@gmail.com,9551158398.0,Jaipur,Rajasthan,Shoes,Fashion,3.0,999.0,5.0,COD,Cancelled,09-03-2025,2997.0,2847.15,569.4300000000001,March,2025,Monday
ORD1621,17-02-2025,Rahul,rahul71@gmail.com,9789375429.0,Lucknow,UP,Mouse,Electronics,4.0,9999.0,,Card,Returned,27-02-2025,39996.0,39996.0,7999.200000000001,February,2025,Monday
ORD1624,11-01-2025,Neha,neha22@gmail.com,9580304152.0,Jaipur,Rajasthan,Chair,Furniture,3.0,999.0,,COD,Pending,16-01-2025,2997.0,2997.0,599.4,January,2025,Saturday
ORD1625,03-03-2025,Vikas,vikas46@gmail.com,9551158398.0,Jaipur,Rajasthan,Shoes,Fashion,3.0,999.0,5.0,COD,Cancelled,09-03-2025,2997.0,2847.15,569.4300000000001,March,2025,Monday
ORD1626,03-03-2025,Vikas,vikas46@gmail.com,9551158398.0,Jaipur,Rajasthan,Shoes,Fashion,3.0,999.0,5.0,COD,Cancelled,09-03-2025,2997.0,2847.15,569.4300000000001,March,2025,Monday
ORD1627,17-02-2025,Rahul,rahul71@gmail.com,9789375429.0,Lucknow,UP,Mouse,Electronics,4.0,9999.0,,Card,Returned,27-02-2025,39996.0,39996.0,7999.200000000001,February,2025,Monday
ORD1630,11-01-2025,Neha,neha22@gmail.com,9580304152.0,Jaipur,Rajasthan,Chair,Furniture,3.0,999.0,,COD,Pending,16-01-2025,2997.0,2997.0,599.4,January,2025,Saturday
ORD1631,03-03-2025,Vikas,vikas46@gmail.com,9551158398.0,Jaipur,Rajasthan,Shoes,Fashion,3.0,999.0,5.0,COD,Cancelled,09-03-2025,2997.0,2847.15,569.4300000000001,March,2025,Monday
